team__displayName,team__abbrName,team__logoId,player__position,player__rosterId,player__fullName,player__yearsPro,player__injuryLength,player__portraitId,player__jerseyNum,gamesPlayed,fantasy_points,recTotalCatches,recAvgCatchPct,recTotalDrops,recTotalLongest,recTotalTDs,recTotalYdsAfterCatch,recTotalYds,recAvgYacPerCatch,recAvgYdsPerCatch,recAvgYdsPerGame
49ers,SF,14,TE,554174875,Kyle Garnes,1,0,3807,80,17,74.20,50,86.57,6,46,1,173,682,3.46,13.64,41.99
49ers,SF,14,HB,554173260,Paul Gregory,1,0,4222,25,8,26.00,11,79.17,3,22,0,95,136,8.64,12.36,9.14
49ers,SF,14,WR,554174761,Matt Pippen,2,0,3764,1,16,63.70,47,91.15,6,68,6,208,579,4.43,12.32,39.47
49ers,SF,14,HB,554174354,Tyler Bagley,3,6,3939,37,2,2.10,4,100.00,0,23,2,35,48,8.75,12.00,6.35
49ers,SF,14,TE,554174092,Cameron Latu,4,0,2287,81,5,3.40,5,80.00,1,20,0,9,34,1.80,6.80,3.39
49ers,SF,14,WR,554172445,Brandon Aiyuk,7,0,71,11,17,164.60,82,93.16,9,45,8,389,1410,4.74,17.20,89.28
49ers,SF,14,WR,554174874,Deebo Samuel,8,0,9618,19,15,87.90,44,91.11,4,37,3,180,735,4.09,16.70,44.11
49ers,SF,14,HB,554174255,Christian McCaffrey,10,0,8655,23,13,68.90,41,94.87,2,22,3,211,322,5.15,7.85,20.77
Bears,CHI,0,TE,554173013,Marquis Burke,2,0,3400,80,6,5.00,8,100.00,0,29,0,44,77,5.50,9.62,7.49
Bears,CHI,0,HB,554175111,Tevin Bacon,2,0,3845,35,1,0.00,0,0.00,1,0,0,0,0,0.00,0.00,0.00
Bears,CHI,0,HB,554175329,Theo Drake,3,0,3358,5,17,78.90,45,98.04,1,66,6,289,583,6.42,12.96,33.66
Bears,CHI,0,WR,554174916,Tyler Scott,4,0,2386,13,12,104.30,49,95.83,1,68,9,335,917,6.84,18.71,93.36
Bears,CHI,0,WR,554174396,Elijah Moore,6,0,1162,89,17,114.50,55,92.16,5,49,7,247,856,4.49,15.56,53.76
Bears,CHI,0,TE,554174045,Cole Kmet,7,0,711,85,17,122.10,65,96.51,3,37,10,193,1028,2.97,15.82,70.10
Bears,CHI,0,WR,554174985,Darius Slayton,8,0,9631,86,6,22.40,17,80.00,2,42,1,99,265,5.82,15.59,19.91
Bears,CHI,0,WR,554174394,D.J. Moore,9,0,8995,2,15,135.00,58,89.71,8,75,10,328,934,5.66,16.10,53.78
Bengals,CIN,1,TE,554175059,Braxton Burr,1,0,3667,17,3,1.60,3,100.00,0,6,0,9,16,3.00,5.33,2.76
Bengals,CIN,1,TE,554175305,Josh Davis,2,0,3765,13,5,4.40,5,90.00,1,21,0,23,61,4.60,12.20,3.80
Bengals,CIN,1,TE,554172961,Sidney Swann,2,0,3765,19,2,1.50,2,100.00,0,13,0,0,15,0.00,7.50,0.51
Bengals,CIN,1,WR,554173042,Steven Gardner,2,0,4189,84,1,0.60,1,100.00,0,6,0,2,6,2.00,6.00,0.60
Bengals,CIN,1,WR,554174054,Demario Lane,3,5,4082,16,16,80.70,83,96.35,4,49,4,385,801,4.64,9.65,49.03
Bengals,CIN,1,WR,554175084,Kionte Drake,3,0,3400,83,17,142.70,95,94.54,6,53,9,487,1132,5.13,11.92,50.93
Bengals,CIN,1,WR,554173789,Andrei Iosivas,4,0,2229,80,8,45.60,22,93.75,1,42,3,59,276,2.68,12.55,15.06
Bengals,CIN,1,HB,554172755,Chase Brown,4,0,1827,30,9,31.50,17,83.33,2,19,0,65,101,3.82,5.94,5.21
Bengals,CIN,1,TE,554174450,Luke Musgrave,4,0,2334,88,16,60.60,63,90.77,6,35,1,237,623,3.76,9.89,31.81
Bengals,CIN,1,WR,554172905,Ja'Marr Chase,6,0,1370,1,14,180.00,105,96.32,5,75,13,642,1352,6.11,12.88,110.03
Bengals,CIN,1,HB,554173134,J.K. Dobbins,7,0,257,24,10,66.10,22,96.67,1,17,1,83,167,3.77,7.59,11.99
Bills,BUF,2,WR,554175550,Max Edwards,1,0,3756,87,11,61.30,38,90.91,1,41,6,218,456,5.74,12.00,18.19
Bills,BUF,2,WR,554175621,Phillip Rathman,1,0,3370,82,1,0.40,1,100.00,0,4,0,1,4,1.00,4.00,0.50
Bills,BUF,2,WR,554172870,Frank Reeves,2,0,4089,81,15,89.30,50,89.78,5,31,6,246,635,4.92,12.70,39.28
Bills,BUF,2,TE,554173452,Jeremy Palmer,2,0,3358,89,5,15.40,9,100.00,0,71,0,75,154,8.33,17.11,9.25
Bills,BUF,2,WR,554174044,LaShawn Wiggins,2,0,3657,80,11,116.50,68,92.72,6,36,7,342,771,5.03,11.34,61.52
Bills,BUF,2,FB,554173568,Steve McKinney,2,0,3380,41,1,7.40,1,100.00,0,14,1,11,14,11.00,14.00,2.00
Bills,BUF,2,HB,554173639,Roman Sweat,3,0,3491,33,4,14.20,5,100.00,0,14,0,44,37,8.80,7.40,2.49
Bills,BUF,2,TE,554174029,Dalton Kincaid,4,0,2277,86,16,114.20,77,94.66,5,58,12,386,910,5.01,11.82,47.30
Bills,BUF,2,HB,554172981,James Cook,5,0,1304,4,9,15.20,9,62.96,4,28,0,75,80,8.33,8.89,6.15
Bills,BUF,2,HB,554173563,Damien Harris,8,19,9491,20,6,26.50,6,100.00,0,12,2,21,32,3.50,5.33,3.29
Bills,BUF,2,TE,554174047,Dawson Knox,8,0,9546,88,11,31.10,18,96.97,2,57,2,99,191,5.50,10.61,13.47
Bills,BUF,2,WR,554175298,Marquez Valdes-Scantling,9,0,9091,11,3,3.00,4,100.00,0,12,0,12,30,3.00,7.50,3.09
Bills,BUF,2,WR,554173122,Stefon Diggs,12,0,7085,14,17,168.10,94,96.85,3,76,8,469,1555,4.99,16.54,98.44
Broncos,DEN,3,WR,554175625,Demetrious Lane,1,0,3860,15,17,132.90,61,88.53,8,36,7,361,909,5.92,14.90,49.23
Broncos,DEN,3,WR,554175517,Ricky Stump,1,0,4222,81,15,102.10,56,95.33,3,55,6,269,871,4.80,15.55,42.11
Broncos,DEN,3,TE,554173557,Cody Knox,2,0,3360,84,9,34.60,12,94.44,1,31,3,50,109,4.17,9.08,7.25
Broncos,DEN,3,HB,554174921,Kendall Porter,2,0,3704,1,16,53.30,33,92.71,4,54,2,281,417,8.52,12.64,22.76
Broncos,DEN,3,TE,554175112,Dion Clancy,3,0,3522,88,1,0.70,1,100.00,0,7,0,4,7,4.00,7.00,0.47
Broncos,DEN,3,WR,554172523,Calvin Austin III,4,0,1150,82,1,2.70,2,100.00,0,23,0,7,27,3.50,13.50,9.00
Broncos,DEN,3,WR,554174358,Marvin Mims Jr,4,0,2312,19,17,133.10,54,88.63,7,82,9,349,814,6.46,15.07,46.81
Broncos,DEN,3,TE,554173169,Greg Dulcich,5,0,1550,80,13,108.00,47,96.58,2,52,8,236,600,5.02,12.77,36.44
Broncos,DEN,3,FB,554172881,Roger Carter,5,0,2698,43,1,0.80,2,100.00,0,8,0,12,11,6.00,5.50,3.67
Broncos,DEN,3,HB,554175463,Javonte Williams,6,0,1118,33,13,74.90,32,96.15,1,20,1,185,273,5.78,8.53,22.35
Broncos,DEN,3,WR,554173862,Jerry Jeudy,7,18,392,10,3,34.20,9,93.33,1,61,2,104,222,11.56,24.67,81.83
Browns,CLE,4,TE,554174357,Brian Robbins,1,0,3942,87,7,61.40,26,96.19,2,36,5,74,314,2.85,12.08,15.21
Browns,CLE,4,WR,554175470,D'Angelo Ball,2,0,3357,3,17,108.20,59,91.76,4,70,7,233,844,3.95,14.31,62.08
Browns,CLE,4,WR,554174834,Andrew Moore,3,0,3842,16,17,173.40,80,95.04,4,72,12,490,1182,6.12,14.78,72.72
Browns,CLE,4,HB,554175151,Lorenzo Felix,3,0,3810,24,1,6.50,1,100.00,0,5,1,0,5,0.00,5.00,0.31
Browns,CLE,4,TE,554172590,Silas Short,3,0,3842,82,2,4.30,3,100.00,0,32,0,8,43,2.67,14.33,3.58
Browns,CLE,4,WR,554175604,Travis Frazier,3,0,4067,81,5,31.60,14,75.00,2,26,1,54,256,3.86,18.29,17.58
Browns,CLE,4,HB,554174653,Dameon Pierce,5,0,1891,31,12,54.20,30,100.00,0,75,2,253,393,8.43,13.10,19.28
Browns,CLE,4,TE,554174142,Isaiah Likely,5,2,1807,86,13,107.20,52,96.02,4,58,8,219,662,4.21,12.73,45.35
Browns,CLE,4,FB,554174227,Ben Mason,6,0,1034,38,3,4.20,3,100.00,0,27,0,8,42,2.67,14.00,1.66
Browns,CLE,4,WR,554172966,Nico Collins,6,0,1148,88,13,106.30,47,93.85,5,75,7,193,849,4.11,18.06,71.73
Browns,CLE,4,HB,554172980,Dalvin Cook,9,0,8516,33,5,22.10,7,100.00,0,12,0,27,38,3.86,5.43,2.29
Buccaneers,TB,5,HB,554172653,David Watkins,1,0,3704,25,15,157.90,51,88.38,5,100,6,400,629,7.84,12.33,29.61
Buccaneers,TB,5,TE,554174537,DeAngelo Golston,1,0,3347,88,14,48.00,32,94.64,2,24,3,137,360,4.28,11.25,22.01
Buccaneers,TB,5,WR,554173001,Broderick Payne,2,6,3770,8,17,196.10,73,99.26,1,78,14,508,1410,6.96,19.32,81.23
Buccaneers,TB,5,WR,554173547,Bryce Samuels,2,0,3758,83,4,6.10,4,100.00,0,39,1,35,77,8.75,19.25,3.34
Buccaneers,TB,5,HB,554174592,Demetrius Allen,3,0,3846,24,1,0.50,1,100.00,0,5,0,0,5,0.00,5.00,2.50
Buccaneers,TB,5,WR,554173390,Forrest Johnson,3,0,3942,87,16,117.70,57,100.00,0,52,5,296,877,5.19,15.39,57.27
Buccaneers,TB,5,HB,554174367,Keaton Mitchell,4,0,0,38,3,3.10,7,100.00,0,10,0,28,31,4.00,4.43,3.88
Buccaneers,TB,5,WR,554174579,Trey Palmer,4,0,2608,10,16,138.30,45,95.83,2,80,10,383,957,8.51,21.27,48.16
Buccaneers,TB,5,TE,554174536,Albert Okwuegbunam,7,0,490,81,1,0.90,1,100.00,0,9,0,2,9,2.00,9.00,0.75
Buccaneers,TB,5,TE,554174995,Irv Smith Jr,8,0,9633,89,4,3.10,5,87.50,1,16,0,22,52,4.40,10.40,2.01
Buccaneers,TB,5,WR,554173434,Chris Godwin,10,0,8567,14,1,2.20,3,100.00,0,11,0,12,22,4.00,7.33,22.00
Cardinals,ARI,6,TE,554174610,George Arellanes,1,0,3942,83,11,54.20,31,84.96,8,45,3,79,505,2.55,16.29,70.25
Cardinals,ARI,6,FB,554175057,Erick Coleman,2,0,3667,40,6,7.10,5,83.33,1,19,1,10,29,2.00,5.80,4.19
Cardinals,ARI,6,HB,554173367,Brandon Mabry,3,0,4080,26,3,10.30,8,100.00,0,12,2,25,51,3.12,6.38,2.99
Cardinals,ARI,6,WR,554173546,Dexter Whitlock,3,0,3704,80,16,143.40,60,99.31,1,55,10,334,947,5.57,15.78,51.69
Cardinals,ARI,6,HB,554174572,Eric Richard,3,0,3807,39,10,36.10,28,96.67,1,13,0,103,149,3.68,5.32,13.18
Cardinals,ARI,6,TE,554173180,Payne Durham,3,0,2129,82,1,2.80,1,100.00,0,28,0,4,28,4.00,28.00,7.00
Cardinals,ARI,6,TE,554173655,Elijah Higgins,4,0,2209,84,1,0.00,0,0.00,1,0,0,0,0,0.00,0.00,0.00
Cardinals,ARI,6,WR,554174216,Terrace Marshall Jr,5,0,1081,88,2,8.20,1,50.00,1,22,1,0,22,0.00,22.00,2.00
Cardinals,ARI,6,WR,554174400,Rondale Moore,6,0,1264,4,17,74.70,60,92.16,4,35,2,224,709,3.73,11.82,32.28
Cardinals,ARI,6,HB,554174676,Tony Pollard,7,0,9600,20,11,64.10,27,95.45,1,53,4,170,325,6.30,12.04,27.76
Cardinals,ARI,6,TE,554174904,Dalton Schultz,8,0,9050,87,13,74.80,49,96.15,3,45,2,190,686,3.88,14.00,41.28
Cardinals,ARI,6,WR,554172768,Marquise Brown,8,0,9402,2,17,129.50,45,85.92,4,77,7,249,872,5.53,19.38,38.93
Chargers,LAC,7,WR,554175261,Antoine O'Neal,1,0,3846,2,17,165.10,89,92.99,6,80,13,522,1369,5.87,15.38,90.24
Chargers,LAC,7,WR,554175420,Dorian Kirkpatrick,1,0,4063,13,14,65.20,31,94.05,2,69,2,154,532,4.97,17.16,35.06
Chargers,LAC,7,TE,554174799,Kerry Wilkerson,1,0,4222,83,2,3.00,3,100.00,0,18,0,11,32,3.67,10.67,3.67
Chargers,LAC,7,HB,554172633,Phillip Bryan,1,0,3410,19,1,1.20,1,100.00,0,12,0,15,12,15.00,12.00,1.09
Chargers,LAC,7,WR,554173556,Marc Manuel,2,0,4066,0,16,249.60,90,94.58,6,73,20,496,1689,5.51,18.77,103.60
Chargers,LAC,7,HB,554173848,Steve Burrough,2,0,3358,20,14,42.10,36,97.62,1,35,1,196,338,5.44,9.39,27.00
Chargers,LAC,7,TE,554174757,Russell Hannah,3,0,3380,87,16,73.20,69,92.23,5,46,1,275,880,3.99,12.75,45.76
Chargers,LAC,7,WR,554173916,Quentin Johnston,4,0,2241,1,3,4.10,4,100.00,0,19,0,23,41,5.75,10.25,7.83
Chargers,LAC,7,WR,554173469,Danny Gray,5,0,1741,80,3,0.90,3,100.00,0,14,0,3,23,1.00,7.67,3.00
Chargers,LAC,7,HB,554174365,Elijah Mitchell,6,0,1177,25,2,14.80,2,100.00,0,9,1,14,11,7.00,5.50,0.70
Chargers,LAC,7,TE,554174583,Donald Parham Jr,7,0,1498,89,7,21.90,9,100.00,0,24,2,31,99,3.44,11.00,6.11
Chiefs,KC,8,TE,554174381,Mike Butler,1,0,3370,83,15,191.50,97,94.45,9,38,14,329,1268,3.39,13.07,94.11
Chiefs,KC,8,TE,554174636,Jalen Peters,2,0,3347,80,2,1.50,3,100.00,0,7,0,7,15,2.33,5.00,0.76
Chiefs,KC,8,HB,554174163,Roosevelt Lucas,2,0,3846,36,2,11.80,2,100.00,0,13,1,9,21,4.50,10.50,1.34
Chiefs,KC,8,WR,554174794,Zach Wroten,2,0,3844,14,4,20.50,17,100.00,0,29,0,52,205,3.06,12.06,10.50
Chiefs,KC,8,HB,554172416,Israel Abanikanda,4,7,361,26,2,3.50,5,100.00,0,11,0,18,35,3.60,7.00,3.69
Chiefs,KC,8,WR,554174775,Rashee Rice,4,0,2366,4,17,87.70,79,95.39,3,31,4,237,815,3.00,10.32,51.64
Chiefs,KC,8,WR,554173106,Tank Dell,4,0,2090,3,13,100.40,63,96.79,2,28,4,203,764,3.22,12.13,59.01
Chiefs,KC,8,TE,554175277,Cole Turner,5,0,1990,85,6,4.40,7,88.89,2,9,0,27,44,3.86,6.29,4.76
Chiefs,KC,8,HB,554174576,Isiah Pacheco,5,0,1875,10,17,77.80,49,94.79,5,20,1,217,375,4.43,7.65,20.42
Chiefs,KC,8,FB,554175389,Derek Watt,11,0,8255,49,1,0.90,1,100.00,0,9,0,2,9,2.00,9.00,0.69
Chiefs,KC,8,WR,554172424,Davante Adams,12,0,6328,17,17,228.50,93,95.97,5,69,15,444,1385,4.77,14.89,93.42
Colts,IND,9,HB,554174474,Isaiah Clemens,1,0,3402,24,2,10.90,2,100.00,0,10,0,5,19,2.50,9.50,4.88
Colts,IND,9,WR,554172958,Jaylen Lewis,2,0,3770,26,13,124.40,50,97.62,2,82,6,331,908,6.62,18.16,71.53
Colts,IND,9,WR,554172664,Quinton Tate,2,0,4222,87,1,2.80,1,100.00,0,28,0,5,28,5.00,28.00,28.00
Colts,IND,9,WR,554173801,Bernie Betts,3,0,3939,84,14,86.80,51,94.64,2,60,4,290,648,5.69,12.71,55.79
Colts,IND,9,HB,554174600,Rod Cooks,3,0,3970,21,9,16.20,12,100.00,0,32,1,64,118,5.33,9.83,12.19
Colts,IND,9,TE,554175203,Terry Clay,3,0,3765,19,5,1.70,4,80.00,1,10,0,21,23,5.25,5.75,1.45
Colts,IND,9,WR,554174406,Jalen Moreno-Cropper,4,0,0,82,1,2.90,3,100.00,0,21,0,6,29,2.00,9.67,2.90
Colts,IND,9,WR,554174652,Alec Pierce,5,4,1890,14,16,70.00,59,98.36,2,81,5,298,945,5.05,16.02,46.01
Colts,IND,9,TE,554175549,Jelani Woods,5,0,2050,80,17,115.60,77,84.56,8,83,8,357,1077,4.64,13.99,55.64
Colts,IND,9,WR,554172931,Chase Claypool,7,0,700,12,9,90.30,32,100.00,0,42,6,206,543,6.44,16.97,26.98
Colts,IND,9,HB,554175159,Jonathan Taylor,7,0,604,28,11,87.90,23,93.64,2,49,1,160,277,6.96,12.04,22.45
Colts,IND,9,HB,554174370,Joe Mixon,10,0,9241,20,2,3.20,3,100.00,0,18,0,24,32,8.00,10.67,12.79
Commanders,WAS,25,TE,554174864,Andrew Branch,1,0,4082,86,8,35.30,15,95.83,1,27,3,51,173,3.40,11.53,7.56
Commanders,WAS,25,WR,554175615,Rafael Gaither,1,0,3869,15,4,6.70,9,83.33,2,20,0,26,67,2.89,7.44,6.02
Commanders,WAS,25,WR,554174012,Connor Brackins,2,0,3869,82,16,105.60,54,90.77,5,60,9,321,836,5.94,15.48,63.36
Commanders,WAS,25,TE,554173966,Luke Joseph,2,0,3638,83,2,2.00,3,100.00,0,11,0,18,20,6.00,6.67,1.06
Commanders,WAS,25,WR,554173147,Jahan Dotson,5,0,1470,1,15,49.50,42,97.78,1,75,4,201,472,4.79,11.24,35.97
Commanders,WAS,25,HB,554174046,Zonovan Knight,5,0,1801,28,6,14.90,21,100.00,0,18,1,139,174,6.62,8.29,11.21
Commanders,WAS,25,HB,554173411,Antonio Gibson,7,0,297,23,12,114.40,43,95.14,2,30,4,319,363,7.42,8.44,27.05
Commanders,WAS,25,WR,554174311,Terry McLaurin,8,0,9567,17,17,140.60,67,91.67,5,85,11,274,1007,4.09,15.03,53.50
Commanders,WAS,25,TE,554174009,Travis Kelce,14,0,5920,85,13,48.90,35,81.67,7,28,1,165,504,4.71,14.40,42.74
Cowboys,DAL,10,WR,554173041,Steve Nava,2,0,3906,89,15,62.70,46,97.33,2,28,3,181,477,3.93,10.37,31.62
Cowboys,DAL,10,TE,554174716,Will Holcomb,2,5,3360,87,12,120.60,62,95.74,4,42,8,264,962,4.26,15.52,84.76
Cowboys,DAL,10,HB,554172882,Deonte Hendrix,3,6,3857,0,17,200.90,59,95.39,3,60,9,333,780,5.64,13.22,40.32
Cowboys,DAL,10,WR,554174444,Kerry Franklin,3,0,3970,80,2,2.40,2,100.00,0,15,0,1,24,0.50,12.00,2.25
Cowboys,DAL,10,HB,554175310,Deuce Vaughn,4,0,2443,42,3,13.60,3,100.00,0,7,2,4,18,1.33,6.00,1.67
Cowboys,DAL,10,TE,554174902,Luke Schoonmaker,4,0,2384,86,4,13.20,7,100.00,0,16,1,22,72,3.14,10.29,5.74
Cowboys,DAL,10,WR,554174074,CeeDee Lamb,7,0,418,88,16,168.60,75,90.73,10,75,8,414,1312,5.52,17.49,84.81
Cowboys,DAL,10,WR,554174621,Donovan Peoples-Jones,7,0,514,83,1,0.50,1,100.00,0,5,0,2,5,2.00,5.00,0.33
Cowboys,DAL,10,WR,554175131,Courtland Sutton,9,0,9072,14,16,57.70,37,83.85,4,27,2,124,457,3.35,12.35,22.90
Cowboys,DAL,10,TE,554173407,Mike Gesicki,9,0,8900,85,9,41.70,25,97.78,1,63,1,162,357,6.48,14.28,24.48
Dolphins,MIA,11,WR,554175609,Kameron Watson,1,0,3810,84,16,143.50,60,100.00,0,82,8,352,955,5.87,15.92,55.15
Dolphins,MIA,11,TE,554173019,Andrew Meander,2,0,3810,11,1,0.00,0,0.00,1,0,0,0,0,0.00,0.00,0.00
Dolphins,MIA,11,TE,554173991,Markelle Burgess,2,0,3842,3,16,70.40,47,87.50,4,36,2,120,605,2.55,12.87,36.29
Dolphins,MIA,11,HB,554174062,Virgil Gibson,2,0,4084,22,10,35.00,25,87.50,2,42,0,146,246,5.84,9.84,14.52
Dolphins,MIA,11,WR,554173552,Lionel Childress,3,0,3400,86,5,5.70,6,100.00,0,23,0,22,57,3.67,9.50,6.18
Dolphins,MIA,11,TE,554173509,Sam Holcomb,3,0,3404,82,4,8.10,4,100.00,0,8,1,8,21,2.00,5.25,2.12
Dolphins,MIA,11,HB,554172422,De'Von Achane,4,0,676,29,14,93.50,44,98.98,1,68,3,411,513,9.34,11.66,51.62
Dolphins,MIA,11,WR,554175332,Jaylen Waddle,6,0,1374,17,17,157.80,71,98.09,2,85,11,285,994,4.01,14.00,65.83
Dolphins,MIA,11,WR,554172520,Tutu Atwell,6,0,1315,83,4,15.30,7,91.67,1,43,1,47,93,6.71,13.29,27.81
Dolphins,MIA,11,FB,554173783,Alec Ingold,8,0,9514,30,4,16.90,4,100.00,0,9,1,8,28,2.00,7.00,1.20
Dolphins,MIA,11,WR,554175039,JuJu Smith-Schuster,10,0,8729,89,14,65.10,45,85.12,4,28,2,137,531,3.04,11.80,35.18
Eagles,PHI,12,TE,554174323,Larry Rutherford,1,0,4089,89,7,21.50,10,100.00,0,26,2,27,95,2.70,9.50,6.10
Eagles,PHI,12,TE,554174633,Marshall Bone,1,0,3937,9,2,6.50,1,50.00,1,5,1,0,5,0.00,5.00,0.23
Eagles,PHI,12,HB,554174620,T.J. Meekins,1,0,3810,38,1,0.50,1,100.00,0,5,1,0,5,0.00,5.00,0.33
Eagles,PHI,12,HB,554175193,Calvin Heath,3,0,4222,33,10,41.40,16,75.00,4,29,1,73,142,4.56,8.88,11.34
Eagles,PHI,12,WR,554173351,Junior Woodard,3,0,3349,84,6,26.80,13,100.00,0,24,2,57,148,4.38,11.38,20.88
Eagles,PHI,12,HB,554174295,Kenny McIntosh,4,0,2306,25,4,8.80,4,100.00,0,13,0,16,23,4.00,5.75,0.74
Eagles,PHI,12,WR,554175003,DeVonta Smith,6,0,1369,6,17,109.00,81,98.18,2,59,4,439,963,5.42,11.89,60.22
Eagles,PHI,12,WR,554175382,Quez Watkins,7,0,651,16,17,167.10,76,93.53,5,73,11,438,1011,5.76,13.30,58.16
Eagles,PHI,12,WR,554172747,A.J. Brown,8,0,9397,11,14,80.70,51,97.62,1,48,6,196,650,3.84,12.75,63.56
Eagles,PHI,12,TE,554173437,Dallas Goedert,9,2,8901,88,16,86.30,57,97.36,3,34,5,262,752,4.60,13.19,44.94
Eagles,PHI,12,HB,554174370,Joe Mixon,10,0,9241,20,5,31.40,8,100.00,0,14,0,38,53,4.75,6.62,9.91
Falcons,ATL,13,TE,554174838,Eddie Burns,1,0,3370,6,14,78.10,37,81.67,8,52,6,200,553,5.41,14.95,32.05
Falcons,ATL,13,HB,554172431,Colt Hand,2,0,3370,31,5,8.90,5,100.00,0,10,0,19,33,3.80,6.60,1.57
Falcons,ATL,13,HB,554173641,Connor Carruthers,2,0,3763,19,1,0.50,1,100.00,0,5,0,1,5,1.00,5.00,5.00
Falcons,ATL,13,WR,554172897,J.D. Fleming,3,0,3762,88,13,93.10,40,89.32,5,65,6,259,703,6.48,17.58,53.00
Falcons,ATL,13,HB,554174807,Bijan Robinson,4,0,2613,7,15,118.80,62,94.22,5,39,7,375,641,6.05,10.34,36.83
Falcons,ATL,13,WR,554173155,Josh Downs,4,0,2117,86,9,9.70,21,85.19,2,30,0,58,260,2.76,12.38,25.32
Falcons,ATL,13,WR,554174158,Drake London,5,0,1813,5,15,171.00,66,93.55,5,72,11,441,1209,6.68,18.32,58.04
Falcons,ATL,13,WR,554173149,Romeo Doubs,5,0,1471,87,9,24.10,24,100.00,0,63,4,135,328,5.62,13.67,14.15
Falcons,ATL,13,TE,554174670,Kyle Pitts,6,36,1375,8,11,139.20,61,94.70,2,86,6,432,1062,7.08,17.41,103.09
Falcons,ATL,13,TE,554175259,Tommy Tremble,6,0,1376,82,1,6.60,1,100.00,0,6,1,0,6,0.00,6.00,0.67
Falcons,ATL,13,TE,554174492,David Njoku,10,0,8674,80,4,5.10,4,87.50,1,24,0,20,57,5.00,14.25,2.48
Giants,NYG,15,TE,554174408,Cortez Nicholas,1,0,4082,83,1,7.80,1,100.00,0,18,1,9,18,9.00,18.00,9.00
Giants,NYG,15,HB,554174137,Jason Barnes,2,0,3858,23,16,142.40,68,95.35,5,34,5,318,519,4.68,7.63,31.78
Giants,NYG,15,WR,554173033,Joe Fitzsimmons,2,0,3410,89,5,15.50,14,95.00,1,28,0,41,155,2.93,11.07,6.55
Giants,NYG,15,WR,554175047,David Covington,3,0,3404,87,17,78.90,47,87.26,4,36,4,179,608,3.81,12.94,30.87
Giants,NYG,15,TE,554173565,Rashaun Green,3,7,4207,81,17,73.80,49,90.63,7,31,3,169,616,3.45,12.57,33.18
Giants,NYG,15,WR,554173774,Jalin Hyatt,4,0,2219,13,17,97.30,63,95.88,3,37,3,198,924,3.14,14.67,54.24
Giants,NYG,15,HB,554174802,Brian Robinson Jr,5,0,1918,31,3,19.20,4,100.00,0,12,0,20,35,5.00,8.75,2.52
Giants,NYG,15,TE,554172611,Daniel Bellinger,5,0,1168,82,10,16.20,16,85.00,2,24,0,82,162,5.12,10.12,9.55
Giants,NYG,15,WR,554172583,Rashod Bateman,6,0,1236,7,14,79.00,51,92.92,4,55,6,193,695,3.78,13.63,48.24
Giants,NYG,15,HB,554173126,A.J. Dillon,7,0,716,26,1,0.40,1,100.00,0,4,0,3,4,3.00,4.00,1.00
Jaguars,JAX,16,WR,554172793,Alani McCutcheon,1,0,3946,87,1,0.60,1,100.00,0,6,0,0,6,0.00,6.00,3.00
Jaguars,JAX,16,HB,554174287,Tremaine Robertson,1,17,3704,7,5,-0.10,5,100.00,0,8,0,15,21,3.00,4.20,1.75
Jaguars,JAX,16,TE,554175181,Colin Keller,2,0,3370,81,17,76.90,89,96.37,4,32,1,301,938,3.38,10.54,66.92
Jaguars,JAX,16,WR,554173742,Ralph Choice,3,0,3857,18,17,119.70,75,89.89,8,37,6,243,890,3.24,11.87,42.79
Jaguars,JAX,16,TE,554175106,Brenton Strange,4,0,2415,85,4,8.20,3,75.00,1,17,1,4,22,1.33,7.33,3.97
Jaguars,JAX,16,WR,554175380,Parker Washington,4,0,2454,11,1,4.10,5,100.00,0,15,0,14,41,2.80,8.20,20.50
Jaguars,JAX,16,HB,554172634,Tank Bigsby,4,0,2539,4,7,9.60,11,100.00,0,26,1,51,97,4.64,8.82,6.95
Jaguars,JAX,16,TE,554174563,Cade Otton,5,0,1872,82,4,3.10,4,100.00,0,12,0,17,38,4.25,9.50,4.89
Jaguars,JAX,16,HB,554173242,Travis Etienne Jr,6,0,1365,1,14,54.40,32,91.07,2,53,3,224,329,7.00,10.28,11.97
Jaguars,JAX,16,WR,554174037,Christian Kirk,9,0,8963,13,16,180.00,84,94.58,4,65,14,486,1316,5.79,15.67,70.58
Jaguars,JAX,16,HB,554174370,Joe Mixon,10,0,9241,20,1,1.70,2,66.67,1,14,0,18,17,9.00,8.50,8.50
Jaguars,JAX,16,WR,554172695,Tyler Boyd,10,0,7903,83,8,21.10,16,100.00,0,27,1,36,185,2.25,11.56,27.59
Jaguars,JAX,16,WR,554172467,Keenan Allen,13,0,5654,84,14,144.90,60,95.41,3,75,10,235,877,3.92,14.62,54.27
Jets,NYJ,17,HB,554174723,Derion Swann,2,0,3808,4,1,0.60,1,100.00,0,6,0,4,6,4.00,6.00,0.75
Jets,NYJ,17,HB,554174607,Carl McGee,3,0,3858,15,3,7.60,3,83.33,1,29,0,37,44,12.33,14.67,4.34
Jets,NYJ,17,WR,554174464,Sam McCoy,3,0,3824,86,10,78.30,38,100.00,0,74,3,289,674,7.61,17.74,29.87
Jets,NYJ,17,WR,554174460,Theo Love,3,0,3860,84,3,6.20,5,100.00,0,21,0,7,62,1.40,12.40,4.33
Jets,NYJ,17,HB,554173514,Breece Hall,5,0,1747,20,14,53.20,44,94.64,2,23,1,220,292,5.00,6.64,19.90
Jets,NYJ,17,WR,554175505,Garrett Wilson,5,0,2040,17,14,136.90,59,91.55,6,75,9,317,972,5.37,16.47,84.14
Jets,NYJ,17,TE,554174847,Jeremy Ruckert,5,0,1932,89,8,9.60,8,87.50,1,15,1,30,64,3.75,8.00,3.50
Jets,NYJ,17,TE,554174254,Trey McBride,5,0,1830,85,16,115.90,64,86.65,7,52,8,226,950,3.53,14.84,68.70
Jets,NYJ,17,HB,554174503,Kene Nwangwu,6,0,1180,27,6,12.10,9,100.00,0,21,0,74,93,8.22,10.33,2.94
Jets,NYJ,17,WR,554174103,Allen Lazard,9,0,8969,10,7,51.00,22,88.10,3,43,3,136,335,6.18,15.23,19.28
Jets,NYJ,17,WR,554174781,Calvin Ridley,9,0,9038,80,17,160.00,59,97.98,2,40,10,184,952,3.12,16.14,55.34
Jets,NYJ,17,FB,554174772,Patrick Ricard,10,0,9274,46,2,0.40,3,100.00,0,4,0,2,9,0.67,3.00,0.60
Lions,DET,18,FB,554174230,Jermaine Goodrich,1,0,3857,6,4,7.30,3,75.00,1,6,1,10,13,3.33,4.33,2.27
Lions,DET,18,HB,554172707,Percy Patterson,2,0,3858,21,7,11.00,13,100.00,0,13,1,41,90,3.15,6.92,3.17
Lions,DET,18,HB,554172877,Terrelle Parham,2,0,3410,35,2,6.10,3,100.00,0,12,0,6,20,2.00,6.67,0.09
Lions,DET,18,HB,554173410,Jahmyr Gibbs,4,24,2564,26,17,74.90,37,96.08,2,17,1,136,270,3.68,7.30,15.55
Lions,DET,18,WR,554175461,Jameson Williams,5,0,2033,9,17,192.20,94,100.00,0,57,10,343,1322,3.65,14.06,71.88
Lions,DET,18,WR,554175068,Amon-Ra St. Brown,6,0,1313,14,17,111.00,73,98.82,1,75,4,280,870,3.84,11.92,64.57
Lions,DET,18,TE,554173975,Brevin Jordan,6,0,1379,81,4,8.80,5,100.00,0,11,1,9,28,1.80,5.60,1.03
Lions,DET,18,TE,554173350,Pat Freiermuth,6,0,1377,88,17,66.30,57,98.04,1,26,1,182,603,3.19,10.58,42.57
Lions,DET,18,WR,554174668,Michael Pittman Jr,7,0,532,11,17,118.00,58,96.32,2,93,8,270,880,4.66,15.17,52.22
Packers,GB,19,WR,554173489,Kurtis Johnson,2,0,3810,84,5,12.20,7,65.33,4,30,0,51,122,7.29,17.43,8.03
Packers,GB,19,HB,554172461,Ron Paul,2,0,3522,35,1,0.80,1,100.00,0,8,0,11,8,11.00,8.00,4.00
Packers,GB,19,TE,554175547,Trent George,2,0,3942,83,13,51.10,41,91.03,3,31,2,152,471,3.71,11.49,29.77
Packers,GB,19,WR,554174946,John Reid,3,0,3711,82,7,30.00,13,95.24,1,50,2,74,228,5.69,17.54,5.20
Packers,GB,19,HB,554174013,Oscar Baskerville,3,0,3807,21,16,72.60,50,100.00,0,44,2,361,473,7.22,9.46,25.30
Packers,GB,19,WR,554174752,Jayden Reed,4,0,2365,11,13,40.90,26,97.44,1,32,1,89,349,3.42,13.42,27.73
Packers,GB,19,TE,554174057,Tucker Kraft,4,0,2279,85,8,8.40,9,93.75,1,21,0,36,84,4.00,9.33,7.76
Packers,GB,19,WR,554175384,Christian Watson,5,0,2013,9,16,195.50,65,91.61,6,73,20,458,1199,7.05,18.45,60.48
Packers,GB,19,HB,554172446,Cam Akers,7,0,72,3,6,38.20,9,95.83,1,29,1,58,73,6.44,8.11,10.47
Packers,GB,19,WR,554173657,Tee Higgins,7,6,351,5,16,172.10,68,87.55,12,58,12,274,1131,4.03,16.63,71.14
Panthers,CAR,20,WR,554175628,Brandon Darden,1,0,3789,83,1,6.80,1,100.00,0,8,1,0,8,0.00,8.00,4.00
Panthers,CAR,20,HB,554173506,Carlos Brockers,1,0,3711,4,16,81.60,57,89.92,7,24,2,333,492,5.84,8.63,30.35
Panthers,CAR,20,FB,554175448,Josh Kennedy,1,0,3358,39,1,0.30,1,100.00,0,3,0,1,3,1.00,3.00,3.00
Panthers,CAR,20,WR,554174114,Evan Brown,2,0,3555,87,2,14.90,6,91.67,1,34,1,10,114,1.67,19.00,4.46
Panthers,CAR,20,TE,554173609,LaShawn Stokes,2,0,3807,82,2,2.70,2,100.00,0,22,0,3,27,1.50,13.50,2.17
Panthers,CAR,20,WR,554172984,Tim Steffa,2,0,4064,11,17,136.80,75,97.65,2,69,8,341,1055,4.55,14.07,69.53
Panthers,CAR,20,TE,554172679,Charles Rudd,3,0,4082,84,11,69.60,41,87.07,4,31,5,111,573,2.71,13.98,22.15
Panthers,CAR,20,TE,554174247,Michael Mayer,4,0,2299,86,3,16.70,9,75.56,4,37,0,50,167,5.56,18.56,40.04
Panthers,CAR,20,HB,554175427,Zamir White,5,0,2030,31,3,9.20,2,66.67,1,15,0,12,23,6.00,11.50,0.62
Panthers,CAR,20,WR,554174386,Darnell Mooney,7,0,469,85,17,151.70,72,93.63,4,53,9,257,997,3.57,13.85,73.10
Panthers,CAR,20,WR,554173847,Justin Jefferson,7,0,385,18,17,142.90,73,95.38,5,75,7,350,1188,4.79,16.27,82.00
Panthers,CAR,20,TE,554172495,Mark Andrews,9,0,8802,87,7,61.60,24,83.67,5,65,4,125,376,5.21,15.67,61.45
Patriots,NE,21,HB,554174869,Marquise Ware,1,0,3869,24,1,0.40,1,100.00,0,4,0,3,4,3.00,4.00,4.00
Patriots,NE,21,TE,554173218,Chandler Farrell,3,0,3384,83,9,17.30,16,96.30,1,28,1,54,161,3.38,10.06,6.39
Patriots,NE,21,WR,554174265,George Cadet,3,0,3571,85,9,12.60,16,100.00,0,67,2,118,225,7.38,14.06,15.41
Patriots,NE,21,HB,554172928,Jamal Callahan,3,0,3807,36,7,15.00,8,85.71,1,17,1,34,61,4.25,7.62,2.30
Patriots,NE,21,WR,554175453,Kareem Trent,3,0,3846,84,2,7.80,2,100.00,0,14,1,10,18,5.00,9.00,3.50
Patriots,NE,21,WR,554175219,Tyquan Thornton,5,0,1985,11,17,134.80,53,90.29,5,59,9,202,955,3.81,18.02,53.88
Patriots,NE,21,HB,554175138,D'Andre Swift,7,0,599,32,16,108.00,48,95.57,4,19,2,276,414,5.75,8.62,24.02
Patriots,NE,21,WR,554174065,Cooper Kupp,10,0,8626,82,17,170.10,77,88.53,13,53,11,363,1041,4.71,13.52,56.54
Patriots,NE,21,TE,554174042,George Kittle,10,0,8622,87,17,129.80,93,96.02,4,58,8,377,1129,4.05,12.14,71.72
Patriots,NE,21,WR,554173671,Tyreek Hill,11,0,8052,10,16,255.30,73,92.39,6,98,18,469,1628,6.42,22.30,123.43
Raiders,LV,22,WR,554175436,Chris Edwards,1,0,3782,89,15,132.00,63,96.44,2,41,6,315,1048,5.00,16.63,76.00
Raiders,LV,22,HB,554174592,Demetrius Allen,3,0,3846,24,13,82.10,46,97.50,2,33,2,308,411,6.70,8.93,20.62
Raiders,LV,22,WR,554174360,Jonathan Mingo,4,0,2314,15,16,113.00,56,94.06,3,50,7,183,710,3.27,12.68,37.64
Raiders,LV,22,TE,554174247,Michael Mayer,4,0,2299,86,6,40.60,19,95.24,2,34,2,118,286,6.21,15.05,53.24
Raiders,LV,22,HB,554175425,Rachaad White,5,0,2028,27,5,11.10,13,96.00,1,18,0,71,72,5.46,5.54,13.58
Raiders,LV,22,HB,554173634,Khalil Herbert,6,0,1245,30,1,2.20,1,100.00,0,22,0,14,22,14.00,22.00,4.40
Raiders,LV,22,WR,554173885,Diontae Johnson,8,0,9529,18,5,84.20,23,88.18,2,65,7,169,422,7.35,18.35,80.16
Raiders,LV,22,WR,554173548,Mecole Hardman Jr,8,0,9489,84,13,164.90,55,98.46,1,79,11,277,989,5.04,17.98,84.41
Raiders,LV,22,TE,554172495,Mark Andrews,9,0,8802,87,11,56.80,43,91.36,4,57,6,261,599,6.07,13.93,54.58
Raiders,LV,22,TE,554173233,Evan Engram,10,0,8545,17,4,7.90,5,100.00,0,28,0,41,79,8.20,15.80,4.73
Rams,LAR,23,HB,554174416,Levi Frost,1,0,4089,25,12,89.30,41,93.47,4,68,4,235,583,5.73,14.22,43.48
Rams,LAR,23,WR,554175008,Tavaris Towns,2,0,4207,15,15,110.20,68,88.49,4,59,9,368,735,5.41,10.81,44.30
Rams,LAR,23,TE,554172462,Davis Allen,4,0,852,87,8,25.30,12,87.50,1,22,2,18,133,1.50,11.08,5.56
Rams,LAR,23,WR,554174081,Matt Landers,4,0,0,7,5,16.00,12,80.00,2,29,0,44,160,3.67,13.33,7.52
Rams,LAR,23,WR,554175239,Kadarius Toney,6,0,1261,1,14,134.70,67,98.57,1,80,9,517,906,7.72,13.52,70.86
Rams,LAR,23,TE,554174541,Josh Oliver,8,22,9590,84,8,20.60,12,87.50,1,29,1,57,146,4.75,12.17,8.99
Rams,LAR,23,HB,554172563,Saquon Barkley,9,6,8813,8,17,127.00,68,94.65,5,73,6,409,808,6.01,11.88,45.57
Rams,LAR,23,WR,554174873,Curtis Samuel,10,0,8716,4,14,61.90,42,94.81,3,42,2,282,526,6.71,12.52,24.88
Rams,LAR,23,TE,554173631,Hunter Henry,11,0,8046,82,12,67.00,39,85.76,6,32,4,139,564,3.56,14.46,29.97
Ravens,BAL,24,TE,554174737,Emmett Goodwin,1,0,3763,88,16,91.40,50,94.58,3,39,5,225,710,4.50,14.20,42.44
Ravens,BAL,24,FB,554174379,Adonis Parks,2,0,4069,45,4,5.80,4,100.00,0,12,0,15,42,3.75,10.50,5.20
Ravens,BAL,24,HB,554174491,Tyrus Richardson,2,0,3761,6,6,37.60,8,91.67,1,11,1,25,34,3.12,4.25,2.58
Ravens,BAL,24,WR,554173150,Demario Douglas,3,0,0,19,2,16.60,3,100.00,0,73,1,49,106,16.33,35.33,27.09
Ravens,BAL,24,TE,554175249,Mitch Norwood,3,0,4086,85,8,11.20,10,100.00,0,21,0,51,112,5.10,11.20,10.40
Ravens,BAL,24,WR,554173440,Rudy Loud,3,0,3410,5,9,51.00,28,100.00,0,80,1,163,450,5.82,16.07,25.82
Ravens,BAL,24,HB,554174155,Chris Brooks,4,0,0,12,7,23.90,17,100.00,0,15,1,68,116,4.00,6.82,6.32
Ravens,BAL,24,WR,554175433,Dontayvion Wicks,4,0,2476,84,2,5.30,2,100.00,0,27,0,7,53,3.50,26.50,5.30
Ravens,BAL,24,TE,554174064,Zack Kuntz,4,0,2280,87,6,12.80,8,79.17,2,26,1,45,86,5.62,10.75,12.46
Ravens,BAL,24,WR,554173309,Zay Flowers,4,0,2140,4,16,93.50,55,93.68,4,31,4,182,768,3.31,13.96,50.37
Ravens,BAL,24,HB,554175086,Rhamondre Stevenson,6,0,1146,1,9,65.90,25,87.96,4,66,1,241,335,9.64,13.40,40.80
Ravens,BAL,24,WR,554173181,Devin Duvernay,7,0,265,13,10,99.40,49,95.42,2,91,4,330,842,6.73,17.18,52.32
Ravens,BAL,24,WR,554173688,Isaiah Hodgins,7,0,358,11,13,87.20,44,95.44,3,58,5,123,618,2.80,14.05,42.46
Saints,NO,26,WR,554175617,Chester Hardwick,1,0,3764,89,15,79.40,49,100.00,0,31,4,184,651,3.76,13.29,32.19
Saints,NO,26,WR,554174629,A.T. Perry,4,0,2352,17,1,0.90,2,66.67,1,5,0,2,9,1.00,4.50,9.00
Saints,NO,26,TE,554175493,Brayden Willis,4,0,2479,85,8,7.80,12,100.00,0,35,0,49,137,4.08,11.42,5.27
Saints,NO,26,HB,554174349,Kendre Miller,4,0,2310,34,4,4.80,5,100.00,0,37,0,70,87,14.00,17.40,9.02
Saints,NO,26,WR,554174538,Chris Olave,5,0,1870,12,17,98.60,41,98.82,1,39,6,145,626,3.54,15.27,39.07
Saints,NO,26,WR,554174578,Joshua Palmer,6,0,1248,5,1,1.60,1,100.00,0,16,0,8,16,8.00,16.00,16.00
Saints,NO,26,TE,554173897,Juwan Johnson,7,0,399,83,17,128.20,61,99.02,1,41,9,216,774,3.54,12.69,53.69
Saints,NO,26,WR,554174557,K.J. Osborn,7,0,502,81,3,8.10,5,100.00,0,44,0,42,81,8.40,16.20,11.58
Saints,NO,26,HB,554174882,Miles Sanders,8,0,9619,6,13,45.20,19,92.31,1,47,0,172,230,9.05,12.11,16.93
Saints,NO,26,FB,554173526,C.J. Ham,11,0,9195,33,8,15.50,10,100.00,0,7,2,34,45,3.40,4.50,2.61
Saints,NO,26,WR,554173714,DeAndre Hopkins,13,0,5873,88,17,132.40,64,93.96,5,41,9,297,902,4.64,14.09,58.26
Seahawks,SEA,27,TE,554173896,Chris Donaldson,2,0,3807,18,12,86.40,43,90.97,5,56,7,158,597,3.67,13.88,48.08
Seahawks,SEA,27,TE,554173448,Caleb Tatum,3,0,4204,83,6,26.10,9,86.11,2,26,2,29,141,3.22,15.67,7.10
Seahawks,SEA,27,WR,554175038,Jaxon Smith-Njigba,4,0,2401,11,17,125.00,79,93.73,8,73,9,518,1299,6.56,16.44,63.04
Seahawks,SEA,27,HB,554172900,Zach Charbonnet,4,0,1919,26,10,38.50,19,100.00,0,82,2,172,209,9.05,11.00,5.49
Seahawks,SEA,27,HB,554175338,Kenneth Walker III,5,0,2005,9,9,41.10,21,88.89,1,17,0,143,178,6.81,8.48,9.80
Seahawks,SEA,27,WR,554174401,Skyy Moore,5,0,1858,24,13,61.20,37,97.12,2,32,5,134,404,3.62,10.92,26.67
Seahawks,SEA,27,WR,554172759,Dyami Brown,6,0,1349,2,10,75.50,20,100.00,0,75,5,233,455,11.65,22.75,43.62
Seahawks,SEA,27,TE,554174590,Colby Parkinson,7,0,504,84,15,81.10,29,86.67,2,78,4,205,571,7.07,19.69,21.30
Seahawks,SEA,27,WR,554174762,Hunter Renfrow,7,0,9610,13,1,0.00,0,0.00,1,0,0,0,0,0.00,0.00,7.18
Seahawks,SEA,27,FB,554173423,Reggie Gilliam,7,0,1432,41,6,17.70,8,100.00,0,12,2,27,57,3.38,7.12,4.68
Seahawks,SEA,27,WR,554174336,D.K. Metcalf,8,0,9569,14,16,115.40,62,85.97,9,36,6,243,876,3.92,14.13,52.90
Seahawks,SEA,27,WR,554174351,Scotty Miller,8,0,460,80,1,7.20,1,100.00,0,12,1,0,12,0.00,12.00,3.00
Steelers,PIT,28,WR,554175554,Rashaud Bentley,1,0,3400,87,7,53.00,27,94.05,2,47,2,113,410,4.19,15.19,22.98
Steelers,PIT,28,TE,554174685,Allen Stump,2,0,3763,84,8,4.30,8,87.50,1,6,0,21,43,2.62,5.38,3.03
Steelers,PIT,28,HB,554174344,Darnell Morton,2,0,3851,20,1,6.90,1,100.00,0,4,0,3,4,3.00,4.00,1.00
Steelers,PIT,28,HB,554172843,LaMichael Reynolds,2,0,4222,26,8,26.30,16,87.50,1,14,5,84,131,5.25,8.19,6.78
Steelers,PIT,28,WR,554173559,Joseph McMahon,3,0,3640,7,3,15.50,5,100.00,0,43,1,56,95,11.20,19.00,15.27
Steelers,PIT,28,TE,554174928,Kenny Linsley,3,0,3666,81,1,2.50,1,100.00,0,25,0,1,25,1.00,25.00,2.27
Steelers,PIT,28,TE,554175376,Darnell Washington,4,0,2453,80,16,111.90,72,96.35,4,23,9,222,725,3.08,10.07,38.72
Steelers,PIT,28,WR,554174649,George Pickens,5,0,1888,14,17,136.20,73,94.95,4,75,7,434,1086,5.95,14.88,74.45
Steelers,PIT,28,FB,554173720,Zander Horvath,5,0,2533,48,6,2.90,6,91.67,1,6,0,15,29,2.50,4.83,2.54
Steelers,PIT,28,HB,554173575,Najee Harris,6,0,1308,22,15,58.20,32,88.33,3,45,1,199,241,6.22,7.53,15.38
Steelers,PIT,28,WR,554174762,Hunter Renfrow,7,0,9610,13,3,13.90,8,88.89,1,17,1,14,79,1.75,9.88,37.94
Steelers,PIT,28,WR,554174340,Jakobi Meyers,7,0,9570,16,9,56.40,39,95.00,3,29,2,84,444,2.15,11.38,25.61
Steelers,PIT,28,WR,554172985,Amari Cooper,12,0,7060,2,15,126.10,70,96.72,4,40,5,249,961,3.56,13.73,74.93
Texans,HOU,31,WR,554175627,Amari Steele,1,0,3926,88,1,0.80,1,100.00,0,8,0,2,8,2.00,8.00,2.00
Texans,HOU,31,TE,554174987,Noah Peterson,1,0,3360,83,1,0.40,1,100.00,0,4,0,2,4,2.00,4.00,0.33
Texans,HOU,31,WR,554173234,Cole Bryant,2,0,3761,81,12,72.10,29,93.75,3,37,5,222,421,7.66,14.52,17.31
Texans,HOU,31,WR,554172833,Jay Devine,3,0,3410,2,17,187.00,52,86.02,7,78,18,361,1099,6.94,21.13,59.62
Texans,HOU,31,FB,554173718,Reggie Harper,3,0,4080,43,2,3.40,3,100.00,0,13,0,26,34,8.67,11.33,1.53
Texans,HOU,31,WR,554174942,Laviska Shenault Jr,7,0,565,11,17,108.20,71,92.60,6,53,7,490,835,6.90,11.76,48.45
Texans,HOU,31,HB,554173831,Josh Jacobs,8,0,9520,8,12,101.80,34,91.39,3,55,4,217,381,6.38,11.21,31.82
Texans,HOU,31,TE,554173264,Noah Fant,8,0,9452,87,17,160.50,78,91.51,9,40,10,417,1199,5.35,15.37,75.48
Texans,HOU,31,HB,554173995,Alvin Kamara,9,0,8617,41,5,7.80,6,80.00,1,23,0,44,74,7.33,12.33,4.80
Texans,HOU,31,HB,554172918,Nick Chubb,9,1,8846,21,3,2.10,4,100.00,0,15,0,13,21,3.25,5.25,0.78
Texans,HOU,31,TE,554175351,Darren Waller,11,0,7365,12,5,13.00,6,100.00,0,30,1,36,70,6.00,11.67,4.96
Texans,HOU,31,WR,554173251,Mike Evans,13,0,6407,3,12,33.80,26,95.00,3,59,4,130,422,5.00,16.23,31.84
Titans,TEN,29,HB,554174116,Darryl Shields,1,0,4069,28,13,74.60,25,97.44,1,60,4,160,285,6.40,11.40,24.48
Titans,TEN,29,WR,554175608,Koren Quick,1,0,3762,4,17,124.00,68,93.03,5,73,5,520,953,7.65,14.01,48.18
Titans,TEN,29,WR,554173494,Marcus Elliott,2,0,3410,83,2,-3.40,4,100.00,0,11,0,17,30,4.25,7.50,1.74
Titans,TEN,29,WR,554175233,Dexter Whitfield,3,0,3770,86,17,65.80,51,90.59,3,35,3,267,626,5.24,12.27,30.67
Titans,TEN,29,TE,554175432,Josh Whyle,4,0,2475,81,2,0.80,1,50.00,1,8,0,5,8,5.00,8.00,0.31
Titans,TEN,29,TE,554174087,Sam LaPorta,4,0,2286,87,13,110.20,48,93.52,4,61,8,304,813,6.33,16.94,64.85
Titans,TEN,29,HB,554175052,Tyjae Spears,4,0,2405,32,14,87.70,29,98.21,1,58,4,203,357,7.00,12.31,26.87
Titans,TEN,29,TE,554174529,Chigoziem Okonkwo,5,7,1869,85,9,36.40,23,100.00,0,24,5,99,233,4.30,10.13,13.61
Titans,TEN,29,TE,554173649,Connor Heyward,5,0,1764,89,4,9.00,5,100.00,0,16,1,25,30,5.00,6.00,1.81
Titans,TEN,29,WR,554172802,Treylon Burks,5,0,1226,16,16,99.00,46,100.00,0,50,8,232,738,5.04,16.04,43.87
Vikings,MIN,30,HB,554173874,Randy Finney,1,0,3809,28,15,55.30,33,88.89,5,34,1,179,319,5.42,9.67,15.66
Vikings,MIN,30,FB,554174016,Hunter Taylor,2,0,3362,48,2,12.20,1,25.00,2,62,1,29,62,29.00,62.00,4.43
Vikings,MIN,30,WR,554174713,Jameel Wilds,2,0,3846,16,8,28.80,28,95.00,2,32,2,124,318,4.43,11.36,33.36
Vikings,MIN,30,WR,554173893,Evan Vaughan,3,28,3824,13,2,21.60,13,100.00,0,23,1,52,156,4.00,12.00,108.50
Vikings,MIN,30,TE,554175232,John Skinner,3,0,3404,81,8,26.50,12,93.75,1,73,1,98,205,8.17,17.08,19.24
Vikings,MIN,30,HB,554174915,LaDarius Davis,3,0,3926,34,13,40.50,34,96.34,2,56,4,210,356,6.18,10.47,21.86
Vikings,MIN,30,WR,554172433,Jordan Addison,4,0,813,3,17,114.20,92,97.65,2,50,9,427,1124,4.64,12.22,62.47
Vikings,MIN,30,WR,554173070,Gabe Davis,7,0,238,89,15,105.50,55,86.67,3,80,3,259,875,4.71,15.91,43.72
Vikings,MIN,30,WR,554172854,Parris Campbell,8,0,9413,88,13,83.70,44,90.60,3,82,4,297,597,6.75,13.57,35.04
Vikings,MIN,30,TE,554173683,T.J. Hockenson,8,0,9503,87,16,81.10,65,97.02,3,33,5,232,751,3.57,11.55,41.86
